age,normalization,n_regions,r,r_squared,p_value,correlation_method
p3,zscore,8,0.12086944024924486,0.014609421586165773,0.7755674161221311,Pearson
p12,zscore,8,-0.3722806142322958,0.13859285573317545,0.363786605715355,Pearson
p20,zscore,8,0.6464263243978424,0.41786699287450463,0.08327304992819509,Pearson
adult,zscore,8,0.00217970846074704,4.751128973852231e-06,0.9959130595811757,Pearson
