age,normalization,n_regions,r,r_squared,p_value,correlation_method
p3,zscore,8,0.2764424894090457,0.07642044995067035,0.5074722387595908,Pearson
p12,zscore,8,0.4399017422822647,0.19351354286297204,0.2754154578011553,Pearson
p20,zscore,8,0.6464263243978424,0.41786699287450463,0.08327304992819509,Pearson
